{
  "id": "1390225",
  "name": "base",
  "font_family": "iconfont",
  "css_prefix_text": "icon",
  "description": "所有项目的通用ICON",
  "glyphs": [
    {
      "icon_id": "1268",
      "name": "减",
      "font_class": "jian",
      "unicode": "e601",
      "unicode_decimal": 58881
    },
    {
      "icon_id": "59346",
      "name": "error",
      "font_class": "error",
      "unicode": "e62b",
      "unicode_decimal": 58923
    },
    {
      "icon_id": "100572",
      "name": "收款",
      "font_class": "shoukuan",
      "unicode": "e618",
      "unicode_decimal": 58904
    },
    {
      "icon_id": "100650",
      "name": "快递",
      "font_class": "kuaidi",
      "unicode": "e613",
      "unicode_decimal": 58899
    },
    {
      "icon_id": "129307",
      "name": "key",
      "font_class": "key",
      "unicode": "e8e5",
      "unicode_decimal": 59621
    },
    {
      "icon_id": "348925",
      "name": "wechat",
      "font_class": "wechat",
      "unicode": "ec7d",
      "unicode_decimal": 60541
    },
    {
      "icon_id": "357435",
      "name": "保障",
      "font_class": "security",
      "unicode": "e663",
      "unicode_decimal": 58979
    },
    {
      "icon_id": "551580",
      "name": "好评率",
      "font_class": "favourable_full",
      "unicode": "e625",
      "unicode_decimal": 58917
    },
    {
      "icon_id": "592896",
      "name": "eye",
      "font_class": "eye",
      "unicode": "e689",
      "unicode_decimal": 59017
    },
    {
      "icon_id": "595349",
      "name": "评论",
      "font_class": "pinglun1",
      "unicode": "e607",
      "unicode_decimal": 58887
    },
    {
      "icon_id": "609254",
      "name": "钱",
      "font_class": "qianmoney47",
      "unicode": "e6c6",
      "unicode_decimal": 59078
    },
    {
      "icon_id": "715418",
      "name": "info",
      "font_class": "info",
      "unicode": "e67d",
      "unicode_decimal": 59005
    },
    {
      "icon_id": "725731",
      "name": "用户",
      "font_class": "yonghu",
      "unicode": "e603",
      "unicode_decimal": 58883
    },
    {
      "icon_id": "739038",
      "name": "qq",
      "font_class": "qq",
      "unicode": "e623",
      "unicode_decimal": 58915
    },
    {
      "icon_id": "883876",
      "name": "环保",
      "font_class": "huanbao",
      "unicode": "e606",
      "unicode_decimal": 58886
    },
    {
      "icon_id": "887866",
      "name": "filter",
      "font_class": "filter",
      "unicode": "e6b2",
      "unicode_decimal": 59058
    },
    {
      "icon_id": "902033",
      "name": "对话",
      "font_class": "duihua",
      "unicode": "e62f",
      "unicode_decimal": 58927
    },
    {
      "icon_id": "902052",
      "name": "微博",
      "font_class": "weibo",
      "unicode": "e63c",
      "unicode_decimal": 58940
    },
    {
      "icon_id": "902057",
      "name": "分享 (2)",
      "font_class": "fenxiang2",
      "unicode": "e63e",
      "unicode_decimal": 58942
    },
    {
      "icon_id": "933718",
      "name": "循环",
      "font_class": "xunhuan",
      "unicode": "e636",
      "unicode_decimal": 58934
    },
    {
      "icon_id": "936742",
      "name": "锁",
      "font_class": "suo",
      "unicode": "e620",
      "unicode_decimal": 58912
    },
    {
      "icon_id": "1114662",
      "name": "标题图标",
      "font_class": "biaotitubiao",
      "unicode": "e632",
      "unicode_decimal": 58930
    },
    {
      "icon_id": "1160080",
      "name": "alipay",
      "font_class": "alipay",
      "unicode": "e60e",
      "unicode_decimal": 58894
    },
    {
      "icon_id": "1215754",
      "name": "加 (1)",
      "font_class": "jia1",
      "unicode": "e61f",
      "unicode_decimal": 58911
    },
    {
      "icon_id": "1219421",
      "name": "edit",
      "font_class": "edit",
      "unicode": "e60a",
      "unicode_decimal": 58890
    },
    {
      "icon_id": "1269600",
      "name": "邮件",
      "font_class": "youjian",
      "unicode": "e60b",
      "unicode_decimal": 58891
    },
    {
      "icon_id": "1289302",
      "name": "闭眼",
      "font_class": "biyan",
      "unicode": "e819",
      "unicode_decimal": 59417
    },
    {
      "icon_id": "1356587",
      "name": "笑脸",
      "font_class": "xiaolian-",
      "unicode": "e62a",
      "unicode_decimal": 58922
    },
    {
      "icon_id": "1400849",
      "name": "对",
      "font_class": "dui",
      "unicode": "e615",
      "unicode_decimal": 58901
    },
    {
      "icon_id": "1509754",
      "name": "主页",
      "font_class": "home",
      "unicode": "e670",
      "unicode_decimal": 58992
    },
    {
      "icon_id": "1517783",
      "name": "加",
      "font_class": "jia",
      "unicode": "e659",
      "unicode_decimal": 58969
    },
    {
      "icon_id": "1725605",
      "name": "错",
      "font_class": "cuo",
      "unicode": "e61b",
      "unicode_decimal": 58907
    },
    {
      "icon_id": "1810273",
      "name": "组织管理",
      "font_class": "icon-test",
      "unicode": "e6e4",
      "unicode_decimal": 59108
    },
    {
      "icon_id": "1920284",
      "name": "减",
      "font_class": "jian1",
      "unicode": "e609",
      "unicode_decimal": 58889
    },
    {
      "icon_id": "1920286",
      "name": "点",
      "font_class": "dian",
      "unicode": "e608",
      "unicode_decimal": 58888
    },
    {
      "icon_id": "2040326",
      "name": "审核通过",
      "font_class": "shenhetongguo",
      "unicode": "e624",
      "unicode_decimal": 58916
    },
    {
      "icon_id": "2078809",
      "name": "dkw_审核未通过",
      "font_class": "dkw_shenheweitongguo",
      "unicode": "e604",
      "unicode_decimal": 58884
    },
    {
      "icon_id": "2125217",
      "name": "哭泣",
      "font_class": "cry",
      "unicode": "e605",
      "unicode_decimal": 58885
    },
    {
      "icon_id": "2162232",
      "name": "恢复",
      "font_class": "huifu",
      "unicode": "e6ad",
      "unicode_decimal": 59053
    },
    {
      "icon_id": "2506182",
      "name": "列表",
      "font_class": "liebiao",
      "unicode": "e62c",
      "unicode_decimal": 58924
    },
    {
      "icon_id": "2542134",
      "name": "文件",
      "font_class": "wenjian",
      "unicode": "e67a",
      "unicode_decimal": 59002
    },
    {
      "icon_id": "2832352",
      "name": "设置",
      "font_class": "shezhi",
      "unicode": "e602",
      "unicode_decimal": 58882
    },
    {
      "icon_id": "2931278",
      "name": "省略",
      "font_class": "shenglve",
      "unicode": "e621",
      "unicode_decimal": 58913
    },
    {
      "icon_id": "3248659",
      "name": "搜索",
      "font_class": "sousuo",
      "unicode": "e600",
      "unicode_decimal": 58880
    },
    {
      "icon_id": "3279357",
      "name": "企业",
      "font_class": "gaiicon-",
      "unicode": "e6d5",
      "unicode_decimal": 59093
    },
    {
      "icon_id": "3370249",
      "name": "男",
      "font_class": "nan",
      "unicode": "e610",
      "unicode_decimal": 58896
    },
    {
      "icon_id": "3370301",
      "name": "女",
      "font_class": "nv",
      "unicode": "e611",
      "unicode_decimal": 58897
    },
    {
      "icon_id": "3670095",
      "name": "审核",
      "font_class": "tubiaolunkuo-",
      "unicode": "e612",
      "unicode_decimal": 58898
    },
    {
      "icon_id": "3819839",
      "name": "审核",
      "font_class": "shenhe",
      "unicode": "e687",
      "unicode_decimal": 59015
    },
    {
      "icon_id": "4186772",
      "name": "收藏",
      "font_class": "shoucang1",
      "unicode": "e630",
      "unicode_decimal": 58928
    },
    {
      "icon_id": "4251751",
      "name": "删除",
      "font_class": "shanchu",
      "unicode": "e64a",
      "unicode_decimal": 58954
    },
    {
      "icon_id": "4275096",
      "name": "引用",
      "font_class": "yinyong",
      "unicode": "e622",
      "unicode_decimal": 58914
    },
    {
      "icon_id": "4294085",
      "name": "音乐",
      "font_class": "yinle",
      "unicode": "e78c",
      "unicode_decimal": 59276
    },
    {
      "icon_id": "4425861",
      "name": "收藏",
      "font_class": "shoucang",
      "unicode": "e7a9",
      "unicode_decimal": 59305
    },
    {
      "icon_id": "5093347",
      "name": "手机",
      "font_class": "shouji",
      "unicode": "e60c",
      "unicode_decimal": 58892
    },
    {
      "icon_id": "5192951",
      "name": "关注",
      "font_class": "guanzhu",
      "unicode": "e65e",
      "unicode_decimal": 58974
    },
    {
      "icon_id": "5203228",
      "name": "错",
      "font_class": "cuo1",
      "unicode": "e61d",
      "unicode_decimal": 58909
    },
    {
      "icon_id": "5327403",
      "name": "差评2",
      "font_class": "chaping",
      "unicode": "e6dc",
      "unicode_decimal": 59100
    },
    {
      "icon_id": "5387592",
      "name": "箭头_页面_向右",
      "font_class": "jiantou_yemian_xiangyou",
      "unicode": "eb0b",
      "unicode_decimal": 60171
    },
    {
      "icon_id": "5634935",
      "name": "bell",
      "font_class": "bell",
      "unicode": "f27a",
      "unicode_decimal": 62074
    },
    {
      "icon_id": "5661127",
      "name": "分享",
      "font_class": "fenxiang",
      "unicode": "e61c",
      "unicode_decimal": 58908
    },
    {
      "icon_id": "5827648",
      "name": "问",
      "font_class": "wen",
      "unicode": "e626",
      "unicode_decimal": 58918
    },
    {
      "icon_id": "5901138",
      "name": "上",
      "font_class": "shang",
      "unicode": "e628",
      "unicode_decimal": 58920
    },
    {
      "icon_id": "6205317",
      "name": "下",
      "font_class": "xia",
      "unicode": "e614",
      "unicode_decimal": 58900
    },
    {
      "icon_id": "6318183",
      "name": "对",
      "font_class": "dui2",
      "unicode": "e61e",
      "unicode_decimal": 58910
    },
    {
      "icon_id": "6334351",
      "name": "记录",
      "font_class": "jilu",
      "unicode": "e62d",
      "unicode_decimal": 58925
    },
    {
      "icon_id": "6447167",
      "name": "等待",
      "font_class": "dengdai",
      "unicode": "e642",
      "unicode_decimal": 58946
    },
    {
      "icon_id": "6583375",
      "name": "文件",
      "font_class": "wenjian1",
      "unicode": "e686",
      "unicode_decimal": 59014
    },
    {
      "icon_id": "6629814",
      "name": "右",
      "font_class": "you-",
      "unicode": "e63f",
      "unicode_decimal": 58943
    },
    {
      "icon_id": "6629852",
      "name": "左",
      "font_class": "zuo-",
      "unicode": "e640",
      "unicode_decimal": 58944
    },
    {
      "icon_id": "7057565",
      "name": "监控运维",
      "font_class": "yunwei",
      "unicode": "e62e",
      "unicode_decimal": 58926
    },
    {
      "icon_id": "7132880",
      "name": "发布",
      "font_class": "fabu",
      "unicode": "e627",
      "unicode_decimal": 58919
    },
    {
      "icon_id": "7183151",
      "name": "附件",
      "font_class": "fujian",
      "unicode": "e60d",
      "unicode_decimal": 58893
    },
    {
      "icon_id": "7206417",
      "name": "提示",
      "font_class": "tishi",
      "unicode": "e662",
      "unicode_decimal": 58978
    },
    {
      "icon_id": "7235211",
      "name": "用户",
      "font_class": "yonghu1",
      "unicode": "e617",
      "unicode_decimal": 58903
    },
    {
      "icon_id": "7340028",
      "name": "电话",
      "font_class": "dianhua",
      "unicode": "e71f",
      "unicode_decimal": 59167
    },
    {
      "icon_id": "7588133",
      "name": "左",
      "font_class": "zuo",
      "unicode": "e629",
      "unicode_decimal": 58921
    },
    {
      "icon_id": "7674883",
      "name": "警告",
      "font_class": "jinggao",
      "unicode": "e715",
      "unicode_decimal": 59157
    },
    {
      "icon_id": "8494278",
      "name": "Record",
      "font_class": "Record",
      "unicode": "e616",
      "unicode_decimal": 58902
    },
    {
      "icon_id": "9165174",
      "name": "下载",
      "font_class": "xiazai",
      "unicode": "e631",
      "unicode_decimal": 58929
    },
    {
      "icon_id": "9295539",
      "name": "隐私协议",
      "font_class": "yinsixieyi",
      "unicode": "e619",
      "unicode_decimal": 58905
    },
    {
      "icon_id": "9509954",
      "name": "用户",
      "font_class": "yonghu2",
      "unicode": "e60f",
      "unicode_decimal": 58895
    },
    {
      "icon_id": "9626873",
      "name": "合作",
      "font_class": "hezuo",
      "unicode": "e86f",
      "unicode_decimal": 59503
    }
  ]
}
